<?xml version="1.0" encoding="UTF-8"?>
<addon
  id="screensaver.cpblobs"
  version="1.0.0"
  name="cpBlobs"
  provider-name="Team XBMC">
  <requires>
    <c-pluff version="0.1"/>
  </requires>
  <extension
    point="xbmc.ui.screensaver"
    library_windx="cpBlobs_win32dx.xbs" />
  <extension point="xbmc.addon.metadata">
    <summary lang="en">Metaballs moving around</summary>
    <description lang="en">cpBlobs is a screensaver displaying metaballs moving around inside a cube.</description>
    <platform>windx</platform>
  </extension>
</addon>
